<?xml version="1.0" encoding="UTF-8" standalone="yes"?>
<addon id="resource.images.catchuptvandmore"
       name="Catch-up TV &amp; More channel logos and artwork"
       version="1.0.5"
       provider-name="SylvainCecchetto,wwark">
  <requires>
    <import addon="kodi.resource" version="1.0.0"/>
  </requires>
  <extension point="kodi.resource.images" compile="false"/>
  <extension point="xbmc.addon.metadata">
    <reuselanguageinvoker>true</reuselanguageinvoker>
    <summary lang="en_GB">Channel logos and artwork used in Catch-up TV &amp; More</summary>
    <description lang="en_GB">Channel logos and artwork used in Catch-up TV &amp; More</description>
    <platform>all</platform>
    <license>GPL-2.0</license>
    <website>https://catch-up-tv-and-more.github.io/</website>
    <email>catch.up.tv.and.more at gmail dot com</email>
    <source>https://github.com/Catch-up-TV-and-More/resource.images.catchuptvandmore</source>
    <news>
[Version 1.0.1]
[Add] Cameroon flag
[Add] CRTV channel logo
[Add] CRTV News channel logo
[Version 1.0.2]
[Fix] Fix error in addon.xml
[Version 1.0.3]
[Fix] Use same size for root and countries images
[Version 1.0.4]
[Move] channels/ca/v_noovo.png --> channels/ca/vtele.png
[Add] channels/ch/telem1 channel logo
[Add] channels/ca/lcn channel logo
[Add] channels/ca/yoopa channel logo
[Add] channels/be/ladeux channel logo
[Add] channels/be/latrois channel logo
[Add] channels/be/laune channel logo
[Version 1.0.5]
[Add] channels/jp/nhk channel logo
[Add] channels/jp/tvo channel logo
[Add] Slovenian channels
[Add] Ethiopian channels
    </news>
    <assets>
      <icon>icon.png</icon>
      <fanart>fanart.jpg</fanart>
    </assets>
  </extension>
</addon>
