<?xml version="1.0" encoding="UTF-8" standalone="yes"?>
<addon id="catchuptvandmore.kodi.matrix.beta" name="Catch-up TV &amp; More's Matrix Beta repository" version="0.0.1" provider-name="SylvainCecchetto, wwark">
  <requires>
    <import addon="xbmc.addon" version="18.9.701"/>
  </requires>
  <extension point="xbmc.addon.repository" name="Catch-up TV &amp; More's Matrix Beta repository">
    <info compressed="false">https://raw.github.com/Catch-up-TV-and-More/repository.catchuptvandmore/master/addons_xmls/matrix_beta/addons.xml</info>
    <checksum>https://raw.github.com/Catch-up-TV-and-More/repository.catchuptvandmore/master/addons_xmls/matrix_beta/addons.xml.md5</checksum>
    <datadir zip="true">https://raw.github.com/Catch-up-TV-and-More/repository.catchuptvandmore/master/zips/matrix_beta</datadir>
  </extension>
  <extension point="xbmc.addon.metadata">
    <summary>Install Add-ons from Catch-up TV &amp; More repository</summary>
    <description>Download and install Catch-up TV &amp; More add-on in its latest official version from the official developers repository. As soon as a new beta version is published on the GitHub repository of Catch-up TV &amp; More, this version is available in this repository.</description>
    <platform>all</platform>  
    <website>https://catch-up-tv-and-more.github.io/</website>
  </extension>
</addon>
