<?xml version="1.0" encoding="UTF-8" standalone="yes"?>
<addon id="resource.images.catchuptvandmore"
       name="Catch-up TV &amp; More channel logos and artwork"
       version="1.0.9"
       provider-name="SylvainCecchetto,wwark">
  <requires>
    <import addon="kodi.resource" version="1.0.0"/>
  </requires>
  <extension point="kodi.resource.images" compile="false"/>
  <extension point="xbmc.addon.metadata">
    <reuselanguageinvoker>true</reuselanguageinvoker>
    <summary lang="en_GB">Channel logos and artwork used in Catch-up TV &amp; More</summary>
    <description lang="en_GB">Channel logos and artwork used in Catch-up TV &amp; More</description>
    <platform>all</platform>
    <license>GPL-2.0</license>
    <website>https://catch-up-tv-and-more.github.io/</website>
    <email>catch.up.tv.and.more at gmail dot com</email>
    <source>https://github.com/Catch-up-TV-and-More/resource.images.catchuptvandmore</source>
    <news>
[Version 1.0.8]
[Add] Equidia and BSmart channel logo
[Version 1.0.9]
[Add] 6play, MYTF1, NRJ Play and myCANAL logo
    </news>
    <assets>
      <icon>icon.png</icon>
      <fanart>fanart.jpg</fanart>
    </assets>
  </extension>
</addon>
